{
    "Flow Field": {
        "audioEndSizeBoost": 0.2150000035762787,
        "audioImpact": 0.44200000166893005,
        "audioSensitivity": 0.948031485080719,
        "audioStartSizeBoost": 0.6830000281333923,
        "autoCamera": true,
        "baseEmitRate": 427.0429992675781,
        "cameraHeight": 4.480000019073486,
        "cameraOrbitSpeed": 0.1940000057220459,
        "cameraRadius": 16.535432815551758,
        "cameraUndulation": 1.2760000228881836,
        "cameraUndulationSpeed": 0.18000000715255737,
        "depthFog": false,
        "endColor": [
            0.594059407711029,
            0.13135965168476105,
            0.13135965168476105,
            0.0
        ],
        "endColorAudioBoost": [
            0.501960813999176,
            0.10196078568696976,
            0.250980406999588,
            0.47843137383461
        ],
        "endSize": 0.09448818862438202,
        "fogColor": [
            0.0,
            0.0,
            0.0
        ],
        "fogFar": 24.777999877929688,
        "fogNear": 4.043000221252441,
        "octaves": 4,
        "pathCamera": false,
        "pathSpeed": 0.014999999664723873,
        "scale": 0.05000000074505806,
        "startColor": [
            0.2112210988998413,
            0.22684097290039063,
            1.0,
            0.30000001192092896
        ],
        "startColorAudioBoost": [
            0.30000001192092896,
            0.3499999940395355,
            0.6000000238418579,
            0.3499999940395355
        ],
        "startSize": 0.9010000228881836,
        "strength": 0.8015748262405396,
        "timeScale": 0.0729999989271164
    },
    "Lattice Walk": {
        "audioEndSizeBoost": 0.30000001192092896,
        "audioImpact": 1.0,
        "audioSensitivity": 1.0140000581741333,
        "audioSpeedBoost": 1.600000023841858,
        "audioStartSizeBoost": 0.8999999761581421,
        "cameraHeight": 9.0,
        "cameraOrbitSpeed": 0.10000000149011612,
        "cameraRadius": 59.54100036621094,
        "cameraUndulation": 4.0,
        "cameraUndulationSpeed": 0.20000000298023224,
        "depthFog": true,
        "emitPerFrame": 1,
        "endColor": [
            1.0,
            0.19999998807907104,
            0.19999998807907104,
            0.0
        ],
        "endColorAudioBoost": [
            0.6000000238418579,
            0.0,
            0.0,
            0.0
        ],
        "endSize": 0.0,
        "fogColor": [
            0.0,
            0.0,
            0.0
        ],
        "fogFar": 70.0,
        "fogNear": 6.0,
        "lineColor": [
            0.8490666747093201,
            0.5082508325576782,
            1.0,
            0.699999988079071
        ],
        "lineColorAudioBoost": [
            0.5,
            0.0,
            0.4000000059604645,
            0.20000000298023224
        ],
        "lineThickness": 0.2460000067949295,
        "nodeColor": [
            0.8752473592758179,
            0.3999999761581421,
            1.0,
            0.699999988079071
        ],
        "nodeColorAudioBoost": [
            0.5,
            0.10000000149011612,
            0.0,
            0.20000000298023224
        ],
        "nodeSize": 0.24899999797344208,
        "numPaths": 60,
        "numWalkers": 400,
        "nx": 12,
        "ny": 12,
        "nz": 12,
        "pathLength": 54,
        "seed": 2693761374,
        "showNodes": true,
        "spacing": 3.7320001125335693,
        "startColor": [
            0.23605521023273468,
            0.0,
            0.9933993220329285,
            0.8999999761581421
        ],
        "startColorAudioBoost": [
            0.0,
            0.4000000059604645,
            0.0,
            0.10000000149011612
        ],
        "startSize": 0.375,
        "trailSeconds": 1.4429999589920044,
        "walkerSpeed": 1.409000039100647
    },
    "Lorenz Drift": {
        "audioEndSizeBoost": 0.007000000216066837,
        "audioImpact": 0.5,
        "audioSensitivity": 1.7680000066757202,
        "audioSpeedBoost": 3.994999885559082,
        "audioStartSizeBoost": 0.4790000021457672,
        "beta": 2.430000066757202,
        "cameraHeight": 14.105999946594238,
        "cameraOrbitSpeed": 0.11800000071525574,
        "cameraRadius": 8.0,
        "cameraUndulation": 8.060999870300293,
        "cameraUndulationSpeed": 0.20000000298023224,
        "depthFog": false,
        "endColor": [
            0.699999988079071,
            0.20000000298023224,
            1.0,
            0.0
        ],
        "endColorAudioBoost": [
            0.20000000298023224,
            0.30000001192092896,
            0.0,
            0.0
        ],
        "endSize": 0.328000009059906,
        "fogColor": [
            0.0,
            0.0,
            0.0
        ],
        "fogFar": 55.0,
        "fogNear": 8.0,
        "rho": 29.174999237060547,
        "scale": 0.3919999897480011,
        "sigma": 13.595999717712402,
        "speed": 1395.10205078125,
        "startColor": [
            0.20000000298023224,
            0.800000011920929,
            1.0,
            0.6000000238418579
        ],
        "startColorAudioBoost": [
            0.6000000238418579,
            0.10000000149011612,
            0.0,
            0.30000001192092896
        ],
        "startSize": 0.9869999885559082,
        "trailSeconds": 0.5
    },
    "Neon Grid": {
        "audioEndSizeBoost": 0.5,
        "audioImpact": 1.0,
        "audioSensitivity": 1.600000023841858,
        "audioStartSizeBoost": 1.0,
        "audioStreamSpeedBoost": 1.2000000476837158,
        "cameraBob": 0.6000000238418579,
        "cameraHeight": 2.5,
        "cameraSpeed": 6.0,
        "cameraSway": 2.5,
        "ceiling": true,
        "cellSize": 3.0,
        "depthFog": true,
        "emitRate": 1500.0,
        "endColor": [
            0.15000000596046448,
            0.800000011920929,
            1.0,
            0.0
        ],
        "endColorAudioBoost": [
            0.6000000238418579,
            0.0,
            0.0,
            0.0
        ],
        "endSize": 0.25,
        "fogColor": [
            0.0,
            0.0,
            0.0
        ],
        "fogFar": 120.0,
        "fogNear": 10.0,
        "gridColor": [
            0.10000000149011612,
            0.8500000238418579,
            1.0,
            1.0
        ],
        "gridColorAudioBoost": [
            0.550000011920929,
            0.0,
            0.3499999940395355,
            0.0
        ],
        "gridDepth": 180.0,
        "gridHeight": 9.0,
        "gridWidth": 90.0,
        "scrollSpeed": 14.0,
        "startColor": [
            1.0,
            0.25,
            0.8500000238418579,
            0.8999999761581421
        ],
        "startColorAudioBoost": [
            0.0,
            0.3499999940395355,
            0.0,
            0.10000000149011612
        ],
        "startSize": 0.699999988079071,
        "streamSpeed": 26.0
    },
    "Pulse Corridor": {
        "audioEndSizeBoost": 0.0,
        "audioImpact": 0.45399999618530273,
        "audioSensitivity": 1.2330000400543213,
        "audioStartSizeBoost": 0.5770000219345093,
        "cameraRollHeight": 0.8999999761581421,
        "cameraSpeed": 7.0,
        "cameraSway": 2.3519999980926514,
        "depthFog": false,
        "emitRate": 3804.864013671875,
        "endColor": [
            0.5973597764968872,
            0.0,
            0.05914458632469177,
            0.0
        ],
        "endColorAudioBoost": [
            0.05000000074505806,
            0.3499999940395355,
            0.699999988079071,
            0.0
        ],
        "endSize": 1.1369999647140503,
        "fogColor": [
            0.0,
            0.0,
            0.0
        ],
        "fogFar": 120.0,
        "fogNear": 2.0,
        "forwardSpeed": 7.2220001220703125,
        "pulseStrength": 4.0,
        "ringSpacing": 3.4240000247955322,